<?xml version="1.0" encoding="utf-8" standalone="no" ?>
<l10n> 
    <texts> 
        <text name="input_ContractorMod_NEXTWORKER"  text="Troca para próximo trabalhador" />
        <text name="input_ContractorMod_PREVWORKER"  text="Troca para trabalhador anterior" />
        <text name="input_ContractorMod_WORKER1"     text="Troca para trabalhador 1" />
        <text name="input_ContractorMod_WORKER2"     text="Troca para trabalhador 2" />
        <text name="input_ContractorMod_WORKER3"     text="Troca para trabalhador 3" />
        <text name="input_ContractorMod_WORKER4"     text="Troca para trabalhador 4" />
        <text name="input_ContractorMod_WORKER5"     text="Troca para trabalhador 5" />
        <text name="input_ContractorMod_WORKER6"     text="Troca para trabalhador 6" />
        <text name="input_ContractorMod_WORKER7"     text="Troca para trabalhador 7" />
        <text name="input_ContractorMod_WORKER8"     text="Troca para trabalhador 8" />
        <text name="ContractorMod_VEHICLE_NOT_FREE"  text="Veículo já esta sendo controlado por outro trabalhador" />
        <text name="ContractorMod_WORKER__STOP"      text="O veículo irá parar quando sair dele" />
        <text name="ContractorMod_NO_MORE_PASSENGER" text="Não há mais espaço para um passageiro neste veículo" />
    </texts>
</l10n>