<ContractorMod>
    <passengerSeats>
        <!--
            This file is used to position passengers in a vehicle.
            seatIndex="0" is driver seat so each additionnal seat defined here is a passenger seat
            just define seatIndex, location (x, y, z) and rotation (rx, ry, rz) to add a passenger
            seatIndex="-1" means no passenger can enter this vehicle
            mods vehicles can also be set here with syntax $moddir$mod_name/mod_xml.xml like caseIHOptumCVX
        -->
        <!-- cars -->
        <Passenger vehiclesName="data/vehicles/lizard/pickup1986/pickup1986.xml" seatIndex="1" x="-0.418294" y="0.758" z="0.336" rx="0" ry="0" rz="0" />
        <Passenger vehiclesName="data/vehicles/lizard/pickup1986/pickup1986.xml" seatIndex="2" x="0.81" y="1.358" z="-1.35" rx="0" ry="-1.57" rz="0" />
        <Passenger vehiclesName="data/vehicles/lizard/pickup1986/pickup1986.xml" seatIndex="3" x="-0.81" y="1.358" z="-1.35" rx="0" ry="1.57" rz="0" />
        <Passenger vehiclesName="data/vehicles/lizard/pickup2017/pickup2017.xml" seatIndex="1" x="-0.418294" y="0.758" z="0.336" rx="0" ry="0" rz="0" />
        <Passenger vehiclesName="data/vehicles/lizard/pickup2017/pickup2017.xml" seatIndex="2" x="0.81" y="1.358" z="-1.35" rx="0" ry="-1.57" rz="0" />
        <Passenger vehiclesName="data/vehicles/lizard/pickup2017/pickup2017.xml" seatIndex="3" x="-0.81" y="1.358" z="-1.35" rx="0" ry="1.57" rz="0" />

        <Passenger vehiclesName="data/vehicles/johnDeere/xuv865M/xuv865M.xml" seatIndex="1" x="-0.5092" y="0.7912" z="-0.0521" rx="0" ry="0" rz="0" />

        <!-- combines -->
        <Passenger vehiclesName="data/vehicles/caseIH/a8800MR/a8800MR.xml" seatIndex="1" x="0.4500" y="2.5603" z="1.1619" rx="0" ry="0" rz="0" />
        <Passenger vehiclesName="data/vehicles/caseIH/axialFlow150/axialFlow150.xml" seatIndex="1" x="0.5500" y="2.7943" z="2.4984" rx="0" ry="0" rz="0" />
        <Passenger vehiclesName="data/vehicles/caseIH/axialFlow250/axialFlow250.xml" seatIndex="1" x="0.5500" y="2.9995" z="2.5399" rx="0" ry="0" rz="0" />
        <Passenger vehiclesName="data/vehicles/caseIH/moduleExpress635/moduleExpress635.xml" seatIndex="1" x="0.4276" y="2.8385" z="2.4245" rx="0" ry="0" rz="0" />

        <Passenger vehiclesName="data/vehicles/claas/lexion8000/lexion8000.xml" seatIndex="1" x="0.5000" y="2.8293" z="2.3824" rx="0" ry="0" rz="0" />
        <Passenger vehiclesName="data/vehicles/claas/trion750/trion750.xml" seatIndex="1" x="0.5000" y="2.7441" z="3.6728" rx="0" ry="0" rz="0" />
        <Passenger vehiclesName="data/vehicles/deutzFahr/topLiner4090/topLiner4090.xml" seatIndex="-1" x="0.0" y="0.0" z="0.0" rx="0" ry="0" rz="0" />
        <Passenger vehiclesName="data/vehicles/fendt/ideal/ideal.xml" seatIndex="1" x="0.5353" y="2.7037" z="3.6342" rx="0" ry="0" rz="0" />
        <Passenger vehiclesName="data/vehicles/fendt/ideal/idealPL.xml" seatIndex="1" x="0.5852" y="2.6537" z="3.6342" rx="0" ry="0" rz="0" />
        <Passenger vehiclesName="data/vehicles/johnDeere/cp690/cp690.xml" seatIndex="1" x="0.4633" y="2.9360" z="1.5797" rx="0" ry="0" rz="0" />
        <Passenger vehiclesName="data/vehicles/johnDeere/t560/t560.xml" seatIndex="1" x="0.5500" y="2.7359" z="2.3476" rx="0" ry="0" rz="0" />
        <Passenger vehiclesName="data/vehicles/johnDeere/x9_1100/x9_1100.xml" seatIndex="1" x="0.5500" y="2.8891" z="2.6078" rx="0" ry="0" rz="0" />
        <Passenger vehiclesName="data/vehicles/masseyFerguson/ideal/ideal.xml" seatIndex="1" x="0.5353" y="2.7037" z="3.6342" rx="0" ry="0" rz="0" />
        <Passenger vehiclesName="data/vehicles/masseyFerguson/ideal/idealPL.xml" seatIndex="1" x="0.5852" y="2.6537" z="3.6342" rx="0" ry="0" rz="0" />

<Passenger vehiclesName="data/vehicles/newHolland/braud9070L/braud9070L.xml" seatIndex="1" x="0.0" y="0.0" z="0.0" rx="0" ry="0" rz="0" />
<Passenger vehiclesName="data/vehicles/newHolland/braud9090X/braud9090X.xml" seatIndex="1" x="0.0" y="0.0" z="0.0" rx="0" ry="0" rz="0" />
<Passenger vehiclesName="data/vehicles/newHolland/chSeries/chSeries.xml" seatIndex="1" x="0.0" y="0.0" z="0.0" rx="0" ry="0" rz="0" />

<Passenger vehiclesName="data/vehicles/rostselmash/nova330/nova330.xml" seatIndex="1" x="0.0" y="0.0" z="0.0" rx="0" ry="0" rz="0" />
<Passenger vehiclesName="data/vehicles/rostselmash/rsm2375/rsm2375.xml" seatIndex="1" x="0.0" y="0.0" z="0.0" rx="0" ry="0" rz="0" />

        <!-- tractors -->
			<Passenger vehiclesName="data/vehicles/armaTrac/1104/1104.xml" seatIndex="-1" x="0.0" y="0.0" z="0.0" rx="0" ry="0" rz="0" /> 
            <Passenger vehiclesName="data/vehicles/caseIH/magnum7240Pro/magnum7240Pro.xml" seatIndex="-1" x="0.521" y="2.337" z="-0.76" rx="0" ry="0" rz="0" />
            <Passenger vehiclesName="data/vehicles/fendt/favorit500/favorit500.xml" seatIndex="-1" x="0.0" y="0.0" z="0.0" rx="0" ry="0" rz="0" />
            <Passenger vehiclesName="data/vehicles/fiat/fiat1300dt/fiat1300dt.xml" seatIndex="-1" x="0.0" y="0.0" z="0.0" rx="0" ry="0" rz="0" /> 

			<Passenger vehiclesName="data/vehicles/stara/stMax105/stMax105.xml" seatIndex="-1" x="0.0" y="0.0" z="0.0" rx="0" ry="0" rz="0" />

			<Passenger vehiclesName="data/vehicles/train/locomotive01/locomotive01.xml" seatIndex="-1" x="0.0" y="0.0" z="0.0" rx="0" ry="0" rz="0" />
			<Passenger vehiclesName="data/vehicles/train/locomotive04/locomotive04.xml" seatIndex="-1" x="0.0" y="0.0" z="0.0" rx="0" ry="0" rz="0" />

        <!-- trucks -->

        <!-- sprayer -->
        <Passenger vehiclesName="data/vehicles/berthoud/bruin4200/bruin4200.xml" seatIndex="1" x="0.5000" y="2.8712" z="-0.3312" rx="0" ry="0" rz="0" />
        <Passenger vehiclesName="data/vehicles/hardi/rubicon9000/rubicon9000.xml" seatIndex="1" x="0.5500" y="2.7294" z="2.1047" rx="0" ry="0" rz="0" />

        <!-- potatoHarvester -->
        <Passenger vehiclesName="data/vehicles/grimme/rexor6300/rexor6300.xml" seatIndex="1" x="0.5000" y="2.8368" z="4.5139" rx="0" ry="0" rz="0" />
            <Passenger vehiclesName="data/vehicles/grimme/rh2460/rh2460.xml" seatIndex="-1" x="0.0" y="0.0" z="0.0" rx="0" ry="0" rz="0" />
            <Passenger vehiclesName="data/vehicles/grimme/sl8022/sl8022.xml" seatIndex="-1" x="0.0" y="0.0" z="0.0" rx="0" ry="0" rz="0" />
            <Passenger vehiclesName="data/vehicles/grimme/tc816/tc816.xml" seatIndex="-1" x="0.0" y="0.0" z="0.0" rx="0" ry="0" rz="0" />
        <Passenger vehiclesName="data/vehicles/grimme/ventor4150/ventor4150.xml" seatIndex="1" x="0.5093" y="2.9904" z="3.2736" rx="0" ry="0" rz="0" />

        <!-- forageHarvesters -->
        <Passenger vehiclesName="data/vehicles/claas/jaguar960TT/jaguar960TT.xml" seatIndex="1" x="0.5500" y="2.7546" z="2.6570" rx="0" ry="0" rz="0" />
        <Passenger vehiclesName="data/vehicles/fendt/katana650/katana650.xml" seatIndex="1" x="0.5500" y="2.6848" z="2.0578" rx="0" ry="0" rz="0" />
        <Passenger vehiclesName="data/vehicles/johnDeere/series9000/series9000.xml" seatIndex="1" x="0.5955" y="2.8182" z="2.4864" rx="0" ry="0" rz="0" />
        <Passenger vehiclesName="data/vehicles/krone/bigX1180/bigX1180.xml" seatIndex="1" x="0.5000" y="2.6416" z="1.5240" rx="0" ry="0" rz="0" />
        <Passenger vehiclesName="data/vehicles/newHolland/fr780/fr780.xml" seatIndex="1" x="0.5000" y="2.7578" z="1.7344" rx="0" ry="0" rz="0" />

        <!-- teleLoader -->

			<Passenger vehiclesName="data/vehicles/manitou/MLT737/MLT737.xml" seatIndex="-1" x="0.0" y="0.0" z="0.0" rx="0" ry="0" rz="0" />
            <Passenger vehiclesName="data/vehicles/masseyFerguson/MF9407S/MF9407S.xml" seatIndex="-1" x="0.0" y="0.0" z="0.0" rx="0" ry="0" rz="0" /> 
        <!-- woodHarvester -->
			<Passenger vehiclesName="data/vehicles/komatsu/forwarder875/forwarder875.xml" seatIndex="-1" x="0.0" y="0.0" z="0.0" rx="0" ry="0" rz="0" />
			<Passenger vehiclesName="data/vehicles/komatsu/xc931/xc931.xml" seatIndex="-1" x="0.0" y="0.0" z="0.0" rx="0" ry="0" rz="0" />

			<Passenger vehiclesName="data/vehicles/ponsse/buffalo/buffalo.xml" seatIndex="-1" x="0.0" y="0.0" z="0.0" rx="0" ry="0" rz="0" /> 
			<Passenger vehiclesName="data/vehicles/ponsse/ponsseScorpion/ponsseScorpion.xml" seatIndex="-1" x="0.0" y="0.0" z="0.0" rx="0" ry="0" rz="0" /> 
			<Passenger vehiclesName="data/vehicles/sampoRosenlew/HR46/HR46.xml" seatIndex="-1" x="0.0" y="0.0" z="0.0" rx="0" ry="0" rz="0" />
        <!-- frontLoader -->

        <!-- beetVehicles -->
			<Passenger vehiclesName="data/vehicles/holmer/terraFelis2/terraFelis2.xml" seatIndex="-1" x="0.0" y="0.0" z="0.0" rx="0" ry="0" rz="0" /> 
			<Passenger vehiclesName="data/vehicles/ropa/maus5/maus5.xml" seatIndex="-1" x="0.0" y="0.0" z="0.0" rx="0" ry="0" rz="0" /> 
        <!-- miscVehicles -->
			<Passenger vehiclesName="data/vehicles/lizard/crane/crane.xml" seatIndex="-1" x="0.0" y="0.0" z="0.0" rx="0" ry="0" rz="0" /> 
			<Passenger vehiclesName="data/vehicles/manitou/MC18/MC18.xml" seatIndex="-1" x="0.0" y="0.0" z="0.0" rx="0" ry="0" rz="0" />
			<Passenger vehiclesName="data/vehicles/ropa/maus5/nawaRoMaus.xml" seatIndex="-1" x="0.0" y="0.0" z="0.0" rx="0" ry="0" rz="0" />
<Passenger vehiclesName="data/vehicles/vervaet/hydroTrikeXL/hydroTrikeXL.xml" seatIndex="1" x="0.0" y="0.0" z="0.0" rx="0" ry="0" rz="0" />
        <!-- wheelLoader -->
			<Passenger vehiclesName="data/vehicles/newHolland/W190D/W190D.xml" seatIndex="-1" x="0.0" y="0.0" z="0.0" rx="0" ry="0" rz="0" /> 
        <!-- belts -->
			<Passenger vehiclesName="data/vehicles/lizard/beltSystem/beltSystem.xml" seatIndex="-1" x="0.0" y="0.0" z="0.0" rx="0" ry="0" rz="0" /> 
        <!-- animalsVehicles -->
			<Passenger vehiclesName="data/vehicles/strautmann/vertiMix1702/vertiMix1702.xml" seatIndex="-1" x="0.0" y="0.0" z="0.0" rx="0" ry="0" rz="0" /> 
        <!-- wood -->
			<Passenger vehiclesName="data/vehicles/jenz/jenzBA725/jenzBA725.xml" seatIndex="-1" x="0.0" y="0.0" z="0.0" rx="0" ry="0" rz="0" /> 
			<Passenger vehiclesName="data/vehicles/stepa/FHL13AK/FHL13AK.xml" seatIndex="-1" x="0.0" y="0.0" z="0.0" rx="0" ry="0" rz="0" />
        <!-- mowerVehicles -->
        <Passenger vehiclesName="data/vehicles/krone/bigM450/bigM450.xml" seatIndex="1" x="0.5000" y="3.0128" z="0.7497" rx="0" ry="0" rz="0" />
        <!-- skidSteerVehicles -->
			<Passenger vehiclesName="data/vehicles/newHolland/C232/C232.xml" seatIndex="-1" x="0.0" y="0.0" z="0.0" rx="0" ry="0" rz="0" /> 
			<Passenger vehiclesName="data/vehicles/newHolland/L218/L218.xml" seatIndex="-1" x="0.0" y="0.0" z="0.0" rx="0" ry="0" rz="0" />

        <!-- mods -->
        <!-- Mods are now set in ContractorMod.xml in mods folder so they won't be overwritten when mod is updated -->
    </passengerSeats>
</ContractorMod>
